CDU_ID,GEO_CODE,GEO_LABEL,GEO_TYPE,GEO_TYP2,F560,F561,F562,F563,F564,F565,F566,F567,F568,F569,F570,F571,F572
,,,,,"Age : Age 16 to 74 - Travel to work; means of : All categories: Method of travel to work - Unit : Persons","Age : Age 16 to 74 - Travel to work; means of : Work mainly at or from home - Unit : Persons","Age : Age 16 to 74 - Travel to work; means of : Underground; metro; light rail; tram - Unit : Persons","Age : Age 16 to 74 - Travel to work; means of : Train - Unit : Persons","Age : Age 16 to 74 - Travel to work; means of : Bus; minibus or coach - Unit : Persons","Age : Age 16 to 74 - Travel to work; means of : Taxi - Unit : Persons","Age : Age 16 to 74 - Travel to work; means of : Motorcycle; scooter or moped - Unit : Persons","Age : Age 16 to 74 - Travel to work; means of : Driving a car or van - Unit : Persons","Age : Age 16 to 74 - Travel to work; means of : Passenger in a car or van - Unit : Persons","Age : Age 16 to 74 - Travel to work; means of : Bicycle - Unit : Persons","Age : Age 16 to 74 - Travel to work; means of : On foot - Unit : Persons","Age : Age 16 to 74 - Travel to work; means of : Other method of travel to work - Unit : Persons","Age : Age 16 to 74 - Travel to work; means of : Not in employment - Unit : Persons"
52,95AA,Antrim,"Local Authorities",LA,,,,,,,,,,,,,
53,95BB,Ards,"Local Authorities",LA,,,,,,,,,,,,,
54,95CC,Armagh,"Local Authorities",LA,,,,,,,,,,,,,
55,95DD,Ballymena,"Local Authorities",LA,,,,,,,,,,,,,
56,95EE,Ballymoney,"Local Authorities",LA,,,,,,,,,,,,,
57,95FF,Banbridge,"Local Authorities",LA,,,,,,,,,,,,,
58,95GG,Belfast,"Local Authorities",LA,,,,,,,,,,,,,
59,95HH,Carrickfergus,"Local Authorities",LA,,,,,,,,,,,,,
60,95II,Castlereagh,"Local Authorities",LA,,,,,,,,,,,,,
61,95JJ,Coleraine,"Local Authorities",LA,,,,,,,,,,,,,
62,95KK,Cookstown,"Local Authorities",LA,,,,,,,,,,,,,
63,95LL,Craigavon,"Local Authorities",LA,,,,,,,,,,,,,
64,95MM,Derry,"Local Authorities",LA,,,,,,,,,,,,,
65,95NN,Down,"Local Authorities",LA,,,,,,,,,,,,,
66,95OO,Dungannon,"Local Authorities",LA,,,,,,,,,,,,,
67,95PP,Fermanagh,"Local Authorities",LA,,,,,,,,,,,,,
68,95QQ,Larne,"Local Authorities",LA,,,,,,,,,,,,,
69,95RR,Limavady,"Local Authorities",LA,,,,,,,,,,,,,
70,95SS,Lisburn,"Local Authorities",LA,,,,,,,,,,,,,
71,95TT,Magherafelt,"Local Authorities",LA,,,,,,,,,,,,,
72,95UU,Moyle,"Local Authorities",LA,,,,,,,,,,,,,
73,95VV,"Newry and Mourne","Local Authorities",LA,,,,,,,,,,,,,
74,95WW,Newtownabbey,"Local Authorities",LA,,,,,,,,,,,,,
75,95XX,"North Down","Local Authorities",LA,,,,,,,,,,,,,
76,95YY,Omagh,"Local Authorities",LA,,,,,,,,,,,,,
77,95ZZ,Strabane,"Local Authorities",LA,,,,,,,,,,,,,
78,E06000001,Hartlepool,"Local Authorities",LA,66804,1045,33,481,2592,700,180,23871,3214,723,4514,414,29037
79,E06000002,Middlesbrough,"Local Authorities",LA,100551,1306,44,718,4975,957,197,32508,4745,1397,7063,637,46004
80,E06000003,"Redcar and Cleveland","Local Authorities",LA,99177,1742,43,1193,3372,414,259,37919,4054,894,5731,733,42823
81,E06000004,Stockton-on-Tees,"Local Authorities",LA,140654,2847,102,1166,5115,642,417,60422,6160,1715,7518,1018,53532
82,E06000005,Darlington,"Local Authorities",LA,76635,2019,34,862,3430,441,193,30531,3400,1170,6625,309,27621
83,E06000006,Halton,"Local Authorities",LA,92708,1541,38,1106,3843,350,355,39306,4071,1217,5437,313,35131
84,E06000007,Warrington,"Local Authorities",LA,149461,4648,148,2147,5039,400,692,71217,5803,2618,7626,518,48605
85,E06000008,"Blackburn with Darwen","Local Authorities",LA,104417,2269,43,1003,3297,1133,322,38582,5034,600,7874,366,43894
86,E06000009,Blackpool,"Local Authorities",LA,103813,3305,41,528,5252,619,562,34724,4670,1948,9191,579,42394
87,E06000010,"Kingston upon Hull, City of","Local Authorities",LA,190610,2118,54,676,14549,1160,1326,58996,8763,9082,13276,903,79707
88,E06000011,"East Riding of Yorkshire","Local Authorities",LA,245594,9911,104,2300,4505,521,1204,107039,8790,5975,17034,1374,86837
89,E06000012,"North East Lincolnshire","Local Authorities",LA,115823,1912,52,328,4319,564,658,45080,5079,3881,8297,606,45047
90,E06000013,"North Lincolnshire","Local Authorities",LA,122329,3323,34,370,1894,219,791,54922,5247,2998,7802,501,44228
91,E06000014,York,"Local Authorities",LA,149789,5025,104,2545,7141,418,968,47885,4565,11297,18246,527,51068
92,E06000015,Derby,"Local Authorities",LA,179291,3696,87,1263,10128,939,982,68898,7273,4221,14357,578,66869
93,E06000016,Leicester,"Local Authorities",LA,242232,3996,235,1621,18660,766,689,71163,11084,5099,23323,858,104738
94,E06000017,Rutland,"Local Authorities",LA,27052,1651,31,331,201,25,106,11232,747,634,2967,112,9015
95,E06000018,Nottingham,"Local Authorities",LA,232072,4052,2540,1382,24777,1007,782,56814,6695,4358,19943,868,108854
96,E06000019,"Herefordshire, County of","Local Authorities",LA,133442,8436,87,679,1574,289,624,56590,4740,3305,13149,764,43205
97,E06000020,"Telford and Wrekin","Local Authorities",LA,122279,3139,63,1089,3153,865,564,54848,6295,1669,6276,411,43907
98,E06000021,Stoke-on-Trent,"Local Authorities",LA,182808,2691,31,773,8604,1386,879,70919,9375,1601,11289,561,74699
99,E06000022,"Bath and North East Somerset","Local Authorities",LA,130550,6512,121,3051,5472,221,891,47051,3891,2537,14579,532,45692
100,E06000023,"Bristol, City of","Local Authorities",LA,321506,9578,287,4150,20216,618,2375,104729,10233,16211,40468,1130,111511
101,E06000024,"North Somerset","Local Authorities",LA,145352,6422,102,2339,2941,366,975,66826,5115,2692,9249,536,47789
102,E06000025,"South Gloucestershire","Local Authorities",LA,192468,6479,100,1724,6743,263,1906,95258,6948,5356,11150,604,55937
103,E06000026,Plymouth,"Local Authorities",LA,191786,3604,71,676,13168,813,2287,68077,7245,3094,17306,1125,74320
104,E06000027,Torbay,"Local Authorities",LA,94000,3494,32,549,2542,349,881,35229,3453,796,9134,453,37088
105,E06000028,Bournemouth,"Local Authorities",LA,137574,4812,138,1564,7841,316,1001,52347,4491,4250,11789,637,48388
106,E06000029,Poole,"Local Authorities",LA,106391,4050,105,1152,3809,174,1056,46203,3823,3452,7401,484,34682
107,E06000030,Swindon,"Local Authorities",LA,154080,4353,86,1452,9356,507,1177,69539,6747,4667,11063,552,44581
108,E06000031,Peterborough,"Local Authorities",LA,132318,3454,103,2220,6571,578,621,53100,7642,5095,8134,526,44274
109,E06000032,Luton,"Local Authorities",LA,145208,2657,293,5295,6682,1056,438,51435,7615,1175,11840,715,56007
110,E06000033,Southend-on-Sea,"Local Authorities",LA,125007,3742,327,12789,4346,411,615,41109,3867,2323,11322,488,43668
111,E06000034,Thurrock,"Local Authorities",LA,114124,2258,1392,11992,2892,484,797,47281,4234,1097,4588,405,36704
112,E06000035,Medway,"Local Authorities",LA,194158,4615,283,11252,5903,444,1416,80403,7778,1449,12461,685,67469
113,E06000036,"Bracknell Forest","Local Authorities",LA,83116,3663,112,3001,1237,207,501,43383,2880,1399,5124,407,21202
114,E06000037,"West Berkshire","Local Authorities",LA,112054,6223,124,3997,2976,179,504,53437,3988,2126,7680,445,30375
115,E06000038,Reading,"Local Authorities",LA,116808,3721,229,7696,8811,272,472,37661,3553,3323,13663,451,36956
116,E06000039,Slough,"Local Authorities",LA,100458,2060,745,4706,5055,460,435,41109,4127,1608,6567,428,33158
117,E06000040,"Windsor and Maidenhead","Local Authorities",LA,104247,6469,352,6680,1022,312,524,46438,2633,1746,7196,579,30296
118,E06000041,Wokingham,"Local Authorities",LA,112273,6515,167,5798,2691,150,527,54986,2889,2009,5230,415,30896
119,E06000042,"Milton Keynes","Local Authorities",LA,181385,6689,249,5613,7192,1560,661,83392,8239,3659,9833,696,53602
120,E06000043,"Brighton and Hove","Local Authorities",LA,210792,10618,377,14555,19018,541,1082,52042,4875,6910,28752,1053,70969
121,E06000044,Portsmouth,"Local Authorities",LA,153705,3280,125,3498,7197,1025,1131,50299,5754,7148,16324,838,57086
122,E06000045,Southampton,"Local Authorities",LA,180201,3737,120,3229,10433,535,1209,61164,7555,5243,18536,847,67593
123,E06000046,"Isle of Wight","Local Authorities",LA,99747,3923,107,829,2582,144,1011,34251,2815,1814,10431,1392,40448
124,E06000047,"County Durham","Local Authorities",LA,383796,9642,331,1948,13963,1521,1061,154210,17707,2243,23797,1471,155902
125,E06000048,Northumberland,"Local Authorities",LA,233224,9195,674,1952,7711,588,704,96053,9552,2137,16924,1411,86323
126,E06000049,"Cheshire East","Local Authorities",LA,270953,13462,262,5269,3326,582,1188,124069,9216,4761,17939,1062,89817
127,E06000050,"Cheshire West and Chester","Local Authorities",LA,243155,9450,263,3262,5566,871,1033,109464,8947,4284,15987,1011,83017
128,E06000051,Shropshire,"Local Authorities",LA,223892,12532,165,1828,2977,577,922,98473,7831,4460,19973,1010,73144
129,E06000054,Wiltshire,"Local Authorities",LA,339595,17608,385,6233,6412,595,1942,154808,11725,6906,31113,1489,100379
130,E06000055,Bedford,"Local Authorities",LA,113764,4229,105,3610,3199,336,425,48057,4461,2912,8018,458,37954
131,E06000056,"Central Bedfordshire","Local Authorities",LA,186658,7938,285,8500,2649,262,849,92037,6051,2125,10762,603,54597
132,E07000004,"Aylesbury Vale","Local Authorities",LA,126740,6921,216,4425,2513,638,474,60447,4125,1529,8905,531,36016
133,E07000005,Chiltern,"Local Authorities",LA,65043,4613,2836,3440,612,166,285,27237,1655,406,3227,308,20258
134,E07000006,"South Bucks","Local Authorities",LA,47802,3138,656,2754,524,105,250,21655,1289,441,2080,225,14685
135,E07000007,Wycombe,"Local Authorities",LA,124188,6565,594,4339,3412,308,553,57045,3893,1144,8008,489,37838
136,E07000008,Cambridge,"Local Authorities",LA,98283,3856,136,2912,3862,215,504,18810,1669,17755,9389,329,38846
137,E07000009,"East Cambridgeshire","Local Authorities",LA,60714,3167,55,2379,720,104,314,30518,2146,1255,3025,236,16795
138,E07000010,Fenland,"Local Authorities",LA,69258,2202,44,655,921,176,319,30474,3000,2065,4374,284,24744
139,E07000011,Huntingdonshire,"Local Authorities",LA,125346,5443,119,3315,2224,265,579,60618,4498,3227,8275,428,36355
140,E07000012,"South Cambridgeshire","Local Authorities",LA,107779,6172,129,2894,3454,132,787,50598,3114,6211,5247,401,28640
141,E07000026,Allerdale,"Local Authorities",LA,70978,3217,22,395,1766,136,232,29331,3489,706,6487,295,24902
142,E07000027,Barrow-in-Furness,"Local Authorities",LA,51103,839,33,527,1623,442,546,17475,2332,1647,5563,230,19846
143,E07000028,Carlisle,"Local Authorities",LA,79531,2835,30,327,3742,203,296,32456,3452,1415,8834,284,25657
144,E07000029,Copeland,"Local Authorities",LA,52702,1339,20,529,1560,170,277,21687,3146,572,3401,190,19811
145,E07000030,Eden,"Local Authorities",LA,38735,3341,22,222,587,77,90,16664,1363,345,4533,217,11274
146,E07000031,"South Lakeland","Local Authorities",LA,75831,4955,39,753,957,189,278,30695,2628,1388,9348,442,24159
147,E07000032,"Amber Valley","Local Authorities",LA,90558,3024,71,696,2412,193,584,42174,3419,808,5744,256,31177
148,E07000033,Bolsover,"Local Authorities",LA,55945,1355,61,258,1639,121,295,24888,2446,281,3003,164,21434
149,E07000034,Chesterfield,"Local Authorities",LA,76409,1690,44,722,3839,379,373,31572,3244,526,5292,220,28508
150,E07000035,"Derbyshire Dales","Local Authorities",LA,51978,3705,48,455,787,61,213,23098,1676,367,4330,265,16973
151,E07000036,Erewash,"Local Authorities",LA,82609,2185,57,806,3846,158,637,36907,2917,1895,5224,219,27758
152,E07000037,"High Peak","Local Authorities",LA,67389,2991,60,2668,1224,163,286,28885,2181,628,6256,276,21771
153,E07000038,"North East Derbyshire","Local Authorities",LA,73460,2425,309,482,2708,125,342,34047,2822,332,3044,222,26602
154,E07000039,"South Derbyshire","Local Authorities",LA,69450,2605,38,392,1333,172,486,36104,2499,769,3252,236,21564
155,E07000040,"East Devon","Local Authorities",LA,92782,5835,84,1488,1581,165,630,37428,2873,1323,7861,640,32874
156,E07000041,Exeter,"Local Authorities",LA,89544,2622,55,1135,5264,211,706,27152,3049,3622,13065,258,32405
157,E07000042,"Mid Devon","Local Authorities",LA,55847,4082,39,370,1125,64,371,24711,1970,716,4790,270,17339
158,E07000043,"North Devon","Local Authorities",LA,67507,4375,38,204,1527,150,437,25429,2264,1579,8389,362,22753
159,E07000044,"South Hams","Local Authorities",LA,60617,4701,68,585,899,101,457,24907,1744,533,5475,529,20618
160,E07000045,Teignbridge,"Local Authorities",LA,89471,4888,52,1348,1601,126,646,39108,3076,987,6768,362,30509
161,E07000046,Torridge,"Local Authorities",LA,46510,3493,18,103,859,76,267,18248,1516,374,4210,238,17108
162,E07000047,"West Devon","Local Authorities",LA,38941,3218,32,172,566,91,192,15717,1142,282,3589,240,13700
163,E07000048,Christchurch,"Local Authorities",LA,32645,1364,21,444,743,58,243,13641,953,1000,1716,118,12344
164,E07000049,"East Dorset","Local Authorities",LA,61047,3431,55,257,650,60,442,29966,1722,982,2218,267,20997
165,E07000050,"North Dorset","Local Authorities",LA,49140,2832,65,435,370,67,243,21916,1504,713,5047,240,15708
166,E07000051,Purbeck,"Local Authorities",LA,32379,1690,33,419,390,42,285,13900,1036,634,2808,182,10960
167,E07000052,"West Dorset","Local Authorities",LA,70359,4607,96,571,771,139,421,27781,2041,1130,7780,377,24645
168,E07000053,"Weymouth and Portland","Local Authorities",LA,47871,1488,25,382,2105,121,497,17765,1720,1017,4557,310,17884
169,E07000061,Eastbourne,"Local Authorities",LA,70473,2240,76,2690,2467,298,283,25658,2518,1334,6605,280,26024
170,E07000062,Hastings,"Local Authorities",LA,66036,2380,72,2510,2327,358,392,22613,2672,596,6452,299,25365
171,E07000063,Lewes,"Local Authorities",LA,69269,3641,77,3632,3582,168,346,26073,1897,819,5027,270,23737
172,E07000064,Rother,"Local Authorities",LA,62861,3593,110,2679,561,106,284,23694,1760,496,4054,246,25278
173,E07000065,Wealden,"Local Authorities",LA,105879,6942,151,4981,1407,163,426,46973,3114,718,5760,449,34795
174,E07000066,Basildon,"Local Authorities",LA,125795,2997,580,13737,2806,728,598,47782,4621,1441,7279,437,42789
175,E07000067,Braintree,"Local Authorities",LA,106718,4417,211,6295,1653,262,460,48490,3654,1101,7256,401,32518
176,E07000068,Brentwood,"Local Authorities",LA,52959,2239,683,8385,655,227,238,19234,1219,337,2828,206,16708
177,E07000069,"Castle Point","Local Authorities",LA,64626,1700,169,5747,1465,250,336,26390,1947,651,2549,239,23183
178,E07000070,Chelmsford,"Local Authorities",LA,123693,4709,374,11364,3386,266,588,50259,3624,2542,8927,412,37242
179,E07000071,Colchester,"Local Authorities",LA,128562,4484,183,6655,4918,291,700,49522,4219,3394,10754,467,42975
180,E07000072,"Epping Forest","Local Authorities",LA,90622,3673,11797,2732,1284,760,605,34216,1992,500,3673,377,29013
181,E07000073,Harlow,"Local Authorities",LA,58669,1127,1206,1723,2170,431,288,25156,2784,1028,4299,189,18268
182,E07000074,Maldon,"Local Authorities",LA,45406,2230,66,2339,474,79,194,20406,1299,558,2453,194,15114
183,E07000075,Rochford,"Local Authorities",LA,60425,2057,118,6423,1333,173,311,25450,1753,511,2346,187,19763
184,E07000076,Tendring,"Local Authorities",LA,97050,3046,110,2815,1274,321,427,35635,2991,1726,6116,396,42193
185,E07000077,Uttlesford,"Local Authorities",LA,57086,3667,291,3495,591,125,237,26446,1491,458,3734,237,16314
186,E07000078,Cheltenham,"Local Authorities",LA,86090,3514,95,883,3356,114,426,32925,2824,3892,10881,273,26907
187,E07000079,Cotswold,"Local Authorities",LA,60075,4679,155,698,514,84,279,26355,1843,864,5737,321,18546
188,E07000080,"Forest of Dean","Local Authorities",LA,60341,2983,27,360,907,55,400,27861,2208,470,3552,245,21273
189,E07000081,Gloucester,"Local Authorities",LA,88942,2008,47,429,4581,126,677,39539,3646,3070,6971,280,27568
190,E07000082,Stroud,"Local Authorities",LA,81955,4908,81,820,1243,90,495,40093,2918,1232,5164,298,24613
191,E07000083,Tewkesbury,"Local Authorities",LA,59685,2903,34,281,1895,35,459,28466,1901,1828,3549,193,18141
192,E07000084,"Basingstoke and Deane","Local Authorities",LA,123243,5638,121,4754,3823,250,560,59331,4438,1930,8821,456,33121
193,E07000085,"East Hampshire","Local Authorities",LA,83522,5016,99,3124,789,96,402,39562,2472,999,5469,429,25065
194,E07000086,Eastleigh,"Local Authorities",LA,91582,3247,50,2578,1947,140,733,46819,3278,1674,4913,389,25814
195,E07000087,Fareham,"Local Authorities",LA,81198,3003,46,2113,1083,153,739,40036,2632,2095,4014,531,24753
196,E07000088,Gosport,"Local Authorities",LA,59499,1363,22,585,2051,206,957,23821,2085,4349,4076,548,19436
197,E07000089,Hart,"Local Authorities",LA,66087,3947,88,3460,564,84,323,33156,1606,1003,3538,278,18040
198,E07000090,Havant,"Local Authorities",LA,86247,2392,41,1640,2556,352,623,38040,3477,1664,4422,348,30692
199,E07000091,"New Forest","Local Authorities",LA,124798,6243,131,1898,1654,171,788,57631,3800,3137,6763,777,41805
200,E07000092,Rushmoor,"Local Authorities",LA,69652,1985,74,3449,2075,166,441,33158,2716,1452,5178,393,18565
201,E07000093,"Test Valley","Local Authorities",LA,84652,4050,77,1967,1354,255,455,40046,3117,1719,6137,434,25041
202,E07000094,Winchester,"Local Authorities",LA,84495,5226,119,3298,1650,95,438,34987,2146,1155,7749,455,27177
203,E07000095,Broxbourne,"Local Authorities",LA,67599,1801,1180,5602,1386,508,388,29145,2104,608,3240,260,21377
204,E07000096,Dacorum,"Local Authorities",LA,104410,4874,545,6427,2250,294,501,46670,3344,812,7301,419,30973
205,E07000097,"East Hertfordshire","Local Authorities",LA,100093,5007,593,9617,1346,274,421,44450,2580,919,6676,342,27868
206,E07000098,Hertsmere,"Local Authorities",LA,71511,3593,2428,5988,2312,393,408,28042,1676,515,3781,292,22083
207,E07000099,"North Hertfordshire","Local Authorities",LA,91510,4422,221,7794,1117,167,400,40153,2809,1240,6364,303,26520
208,E07000100,"St Albans","Local Authorities",LA,99863,5599,673,13489,1724,186,449,39425,2160,1219,6090,364,28485
209,E07000101,Stevenage,"Local Authorities",LA,60988,1426,109,2985,2501,190,364,27273,2664,1053,3972,201,18250
210,E07000102,"Three Rivers","Local Authorities",LA,62440,3072,4594,2656,991,177,332,27052,1636,548,2723,218,18441
211,E07000103,Watford,"Local Authorities",LA,66285,2075,2298,5060,2271,217,389,25590,1766,1087,6605,276,18651
212,E07000104,"Welwyn Hatfield","Local Authorities",LA,81514,2898,684,5402,2251,280,396,31009,2498,1398,5919,246,28533
213,E07000105,Ashford,"Local Authorities",LA,84252,3995,95,3755,1507,151,377,36833,3134,1465,5920,314,26706
214,E07000106,Canterbury,"Local Authorities",LA,111867,4165,186,3384,3279,196,446,38249,3201,1803,10363,348,46247
215,E07000107,Dartford,"Local Authorities",LA,70488,1786,362,8537,2563,327,691,28785,2184,535,3609,232,20877
216,E07000108,Dover,"Local Authorities",LA,80786,2685,89,1833,1830,245,439,32435,3100,1086,6227,427,30390
217,E07000109,Gravesham,"Local Authorities",LA,73191,1837,214,5187,3177,198,536,28875,3021,463,3864,267,25552
218,E07000110,Maidstone,"Local Authorities",LA,113231,4705,120,5257,2945,222,538,50131,3819,935,9023,395,35141
219,E07000111,Sevenoaks,"Local Authorities",LA,82098,4470,258,11172,873,214,558,31387,2016,471,4214,382,26083
220,E07000112,Shepway,"Local Authorities",LA,77938,2705,94,1905,2358,250,362,30422,2654,893,6261,376,29658
221,E07000113,Swale,"Local Authorities",LA,98607,3165,101,4329,1258,242,588,40843,3455,1385,7086,358,35797
222,E07000114,Thanet,"Local Authorities",LA,94452,2940,102,2168,3502,364,575,33109,3793,1395,6890,362,39252
223,E07000115,"Tonbridge and Malling","Local Authorities",LA,86435,3768,134,7295,1293,168,526,37883,2630,855,5151,290,26442
224,E07000116,"Tunbridge Wells","Local Authorities",LA,82052,4851,129,8425,1332,179,355,30254,2278,662,8449,320,24818
225,E07000117,Burnley,"Local Authorities",LA,63376,1258,20,249,3232,331,216,24554,3061,402,4617,193,25243
226,E07000118,Chorley,"Local Authorities",LA,79951,2809,34,1298,1596,157,381,38472,3027,779,4912,237,26249
227,E07000119,Fylde,"Local Authorities",LA,54544,2131,32,437,1377,154,240,23501,1731,978,3718,211,20034
228,E07000120,Hyndburn,"Local Authorities",LA,58356,1175,11,349,2286,390,240,24306,2644,407,4002,183,22363
229,E07000121,Lancaster,"Local Authorities",LA,103296,3388,58,1305,3785,395,544,36945,3915,2551,9518,428,40464
230,E07000122,Pendle,"Local Authorities",LA,64440,1520,21,298,2124,366,195,25806,2930,506,5302,256,25116
231,E07000123,Preston,"Local Authorities",LA,104085,2437,45,903,7272,391,427,37751,4394,1471,8714,375,39905
232,E07000124,"Ribble Valley","Local Authorities",LA,41285,2282,26,328,603,51,167,20320,1338,389,3053,156,12572
233,E07000125,Rossendale,"Local Authorities",LA,50075,1613,29,171,1905,140,222,23634,2000,241,2669,184,17267
234,E07000126,"South Ribble","Local Authorities",LA,80458,2228,34,833,2735,172,473,40040,3234,1615,4170,227,24697
235,E07000127,"West Lancashire","Local Authorities",LA,81601,2780,95,1724,1471,600,285,35231,3181,876,5106,345,29907
236,E07000128,Wyre,"Local Authorities",LA,77663,2536,48,577,2041,261,409,33413,2983,1384,4453,453,29105
237,E07000129,Blaby,"Local Authorities",LA,68558,2316,32,376,2494,105,370,35320,2516,1330,3215,202,20282
238,E07000130,Charnwood,"Local Authorities",LA,124967,4044,91,1228,3958,152,598,53571,3995,3026,8567,342,45395
239,E07000131,Harborough,"Local Authorities",LA,61913,3534,61,874,888,72,254,31133,1848,912,4257,246,17834
240,E07000132,"Hinckley and Bosworth","Local Authorities",LA,77716,2918,36,432,1606,119,426,39401,2853,1239,4506,238,23942
241,E07000133,Melton,"Local Authorities",LA,36955,1956,19,401,648,44,178,17655,1356,583,3217,127,10771
242,E07000134,"North West Leicestershire","Local Authorities",LA,68556,2502,20,222,1070,111,431,34505,2476,772,3928,254,22265
243,E07000135,"Oadby and Wigston","Local Authorities",LA,40797,994,44,291,2187,81,165,17898,1566,807,2242,124,14398
244,E07000136,Boston,"Local Authorities",LA,47306,1330,13,100,651,131,245,19394,3558,2022,3159,204,16499
245,E07000137,"East Lindsey","Local Authorities",LA,99928,4286,65,145,1062,223,398,36329,2744,2094,8479,486,43617
246,E07000138,Lincoln,"Local Authorities",LA,71577,1491,40,364,2441,282,489,24451,3375,2698,8734,234,26978
247,E07000139,"North Kesteven","Local Authorities",LA,78616,3105,51,666,1459,123,469,36848,2582,2063,4721,341,26188
248,E07000140,"South Holland","Local Authorities",LA,63920,2510,33,385,639,82,245,29275,2778,1755,3564,224,22430
249,E07000141,"South Kesteven","Local Authorities",LA,97319,4313,78,1313,1399,287,438,44709,3681,1932,8033,349,30787
250,E07000142,"West Lindsey","Local Authorities",LA,65531,3034,37,311,713,84,309,29870,2206,890,4209,305,23563
251,E07000143,Breckland,"Local Authorities",LA,94176,3799,48,505,1294,230,506,42156,3766,1610,6975,412,32875
252,E07000144,Broadland,"Local Authorities",LA,90305,3567,64,612,3335,164,828,43109,2990,2441,3911,520,28764
253,E07000145,"Great Yarmouth","Local Authorities",LA,70234,1670,34,260,2496,248,421,25119,2783,1728,5486,1019,28970
254,E07000146,"King's Lynn and West Norfolk","Local Authorities",LA,106591,4000,114,1038,1517,174,496,45671,4110,3248,6442,458,39323
255,E07000147,"North Norfolk","Local Authorities",LA,72453,3754,84,553,854,145,365,28347,2125,1260,5257,439,29270
256,E07000148,Norwich,"Local Authorities",LA,100702,2530,89,777,5035,308,706,28792,3257,5600,14887,443,38278
257,E07000149,"South Norfolk","Local Authorities",LA,89337,4436,80,805,2666,146,644,42276,2800,1909,4140,431,29004
258,E07000150,Corby,"Local Authorities",LA,45049,807,25,299,1859,419,182,19862,3417,871,2775,172,14361
259,E07000151,Daventry,"Local Authorities",LA,57379,3279,46,752,548,79,205,28421,1919,544,3546,197,17843
260,E07000152,"East Northamptonshire","Local Authorities",LA,63006,2787,40,719,615,107,308,31780,2295,567,4006,193,19589
261,E07000153,Kettering,"Local Authorities",LA,67920,2281,35,845,1297,105,286,32797,2977,850,5236,209,21002
262,E07000154,Northampton,"Local Authorities",LA,155682,3966,109,1836,7449,569,539,69580,7853,2775,11602,514,48890
263,E07000155,"South Northamptonshire","Local Authorities",LA,62321,3901,53,1056,758,52,268,33632,2088,485,3235,212,16581
264,E07000156,Wellingborough,"Local Authorities",LA,54817,1627,35,756,869,315,201,25489,2742,543,3555,231,18454
265,E07000163,Craven,"Local Authorities",LA,40056,2511,27,973,611,62,123,16913,1334,343,4489,214,12456
266,E07000164,Hambleton,"Local Authorities",LA,65255,4040,39,580,698,103,197,29289,2147,1250,6566,346,20000
267,E07000165,Harrogate,"Local Authorities",LA,114038,6926,120,2020,3122,226,446,50350,4057,1770,11813,552,32636
268,E07000166,Richmondshire,"Local Authorities",LA,38652,2661,30,451,541,101,134,16231,1421,470,5032,723,10857
269,E07000167,Ryedale,"Local Authorities",LA,37581,2994,27,278,415,44,179,15638,1342,788,3577,222,12077
270,E07000168,Scarborough,"Local Authorities",LA,79393,3489,37,579,2120,243,380,26130,3182,1108,10596,495,31034
271,E07000169,Selby,"Local Authorities",LA,61831,2787,28,1132,1348,72,311,30516,2312,1056,3519,205,18545
272,E07000170,Ashfield,"Local Authorities",LA,88037,1874,1155,598,2950,220,490,37665,3593,1121,5372,298,32701
273,E07000171,Bassetlaw,"Local Authorities",LA,83305,2698,37,614,1248,153,385,36855,3610,1348,5581,285,30491
274,E07000172,Broxtowe,"Local Authorities",LA,81573,2374,377,782,5040,128,462,34000,2532,2271,4985,234,28388
275,E07000173,Gedling,"Local Authorities",LA,83284,2578,195,389,7622,185,431,35670,2789,1058,4396,285,27686
276,E07000174,Mansfield,"Local Authorities",LA,77155,1588,59,408,2869,293,359,33543,3811,682,4525,224,28794
277,E07000175,"Newark and Sherwood","Local Authorities",LA,84145,3401,77,868,1406,95,384,36809,3010,2152,6036,317,29590
278,E07000176,Rushcliffe,"Local Authorities",LA,80755,4108,93,671,4774,98,267,36786,2298,1687,4303,261,25409
279,E07000177,Cherwell,"Local Authorities",LA,103269,4757,96,2185,3672,298,556,47271,4034,2592,8964,404,28440
280,E07000178,Oxford,"Local Authorities",LA,118437,4300,170,1769,11405,264,482,23735,2245,12270,12674,493,48630
281,E07000179,"South Oxfordshire","Local Authorities",LA,96892,6229,180,3453,2184,103,558,43957,2766,2575,7682,400,26805
282,E07000180,"Vale of White Horse","Local Authorities",LA,87477,4472,105,1455,3695,111,640,39766,2660,4018,5905,354,24296
283,E07000181,"West Oxfordshire","Local Authorities",LA,76163,4516,87,1053,2444,101,495,36866,2588,2315,5777,273,19648
284,E07000187,Mendip,"Local Authorities",LA,78653,5035,80,493,1010,124,413,35092,2652,1212,7396,338,24808
285,E07000188,Sedgemoor,"Local Authorities",LA,82903,3786,38,420,793,109,555,37139,2985,2517,5882,316,28363
286,E07000189,"South Somerset","Local Authorities",LA,115790,5697,118,513,1090,162,776,51984,4266,2261,11431,473,37019
287,E07000190,"Taunton Deane","Local Authorities",LA,78921,3624,59,647,1251,115,642,32557,2892,3496,8610,351,24677
288,E07000191,"West Somerset","Local Authorities",LA,24918,1962,24,87,326,43,102,8426,667,431,3146,141,9563
289,E07000192,"Cannock Chase","Local Authorities",LA,72274,1562,21,812,1500,185,372,35062,3291,645,3851,175,24798
290,E07000193,"East Staffordshire","Local Authorities",LA,83059,2820,35,626,1628,440,411,36485,3685,1767,6767,257,28138
291,E07000194,Lichfield,"Local Authorities",LA,74757,3273,42,1737,1034,103,247,35306,2533,641,3843,257,25741
292,E07000195,Newcastle-under-Lyme,"Local Authorities",LA,92335,2282,38,494,2658,526,396,40738,4293,680,5025,236,34969
293,E07000196,"South Staffordshire","Local Authorities",LA,80718,2901,110,1300,1719,107,339,40250,2716,570,3046,270,27390
294,E07000197,Stafford,"Local Authorities",LA,97297,4052,42,1286,1818,225,456,43789,3331,1799,7402,294,32803
295,E07000198,"Staffordshire Moorlands","Local Authorities",LA,72085,3213,26,348,1151,35,255,34760,2702,466,4398,237,24494
296,E07000199,Tamworth,"Local Authorities",LA,56833,1249,16,811,1441,218,267,27293,2757,839,3218,172,18552
297,E07000200,Babergh,"Local Authorities",LA,63075,3252,80,1515,937,87,275,28734,1912,851,4345,262,20825
298,E07000201,"Forest Heath","Local Authorities",LA,44053,1435,26,253,574,121,235,22429,1844,1156,3299,168,12513
299,E07000202,Ipswich,"Local Authorities",LA,97167,2216,59,1622,5067,237,724,36712,4529,3069,10929,315,31688
300,E07000203,"Mid Suffolk","Local Authorities",LA,70073,4163,61,1419,719,70,382,33974,2068,1393,4069,252,21503
301,E07000204,"St Edmundsbury","Local Authorities",LA,80968,3198,87,623,1409,291,400,37339,3268,1740,7845,283,24485
302,E07000205,"Suffolk Coastal","Local Authorities",LA,88250,4653,122,1256,1405,136,648,38899,2493,2712,5590,343,29993
303,E07000206,Waveney,"Local Authorities",LA,81877,2524,61,548,1317,252,567,31732,2676,3048,5629,827,32696
304,E07000207,Elmbridge,"Local Authorities",LA,92027,6287,669,13432,1380,194,761,33767,1701,2062,4012,465,27297
305,E07000208,"Epsom and Ewell","Local Authorities",LA,54170,2285,564,7721,1470,214,502,19816,1117,967,3124,225,16165
306,E07000209,Guildford,"Local Authorities",LA,102054,5430,227,7934,2392,152,539,40157,2566,1802,8396,426,32033
307,E07000210,"Mole Valley","Local Authorities",LA,60778,4128,153,5486,614,99,371,24906,1472,796,4121,276,18356
308,E07000211,"Reigate and Banstead","Local Authorities",LA,99173,4791,378,10710,2071,349,618,41681,2601,1222,6428,387,27937
309,E07000212,Runnymede,"Local Authorities",LA,59793,2476,197,3447,757,107,439,26208,1553,1186,4005,276,19142
310,E07000213,Spelthorne,"Local Authorities",LA,69916,2393,657,4022,2592,121,717,33056,1840,1337,3158,268,19755
311,E07000214,"Surrey Heath","Local Authorities",LA,62565,3453,100,2722,859,71,331,31322,1676,784,3268,382,17597
312,E07000215,Tandridge,"Local Authorities",LA,59457,3581,202,7559,989,132,362,24080,1348,368,2913,279,17644
313,E07000216,Waverley,"Local Authorities",LA,85617,6031,173,6656,1001,88,419,35790,2240,916,5467,397,26439
314,E07000217,Woking,"Local Authorities",LA,71722,3400,204,8164,1194,187,394,29669,1928,1368,4567,266,20381
315,E07000218,"North Warwickshire","Local Authorities",LA,46170,1697,20,524,900,129,248,23098,1882,364,2256,140,14912
316,E07000219,"Nuneaton and Bedworth","Local Authorities",LA,92090,1952,34,778,2680,222,533,42431,4430,1284,5598,263,31885
317,E07000220,Rugby,"Local Authorities",LA,72759,2769,36,1286,1151,177,401,34264,3355,1555,5238,253,22274
318,E07000221,Stratford-on-Avon,"Local Authorities",LA,87728,6059,109,1121,1083,108,369,41227,2762,1313,6298,316,26963
319,E07000222,Warwick,"Local Authorities",LA,102883,4714,77,2331,2559,148,406,45068,3368,2228,8358,351,33275
320,E07000223,Adur,"Local Authorities",LA,43860,1558,30,2222,1648,102,366,18121,1545,1115,2472,177,14504
321,E07000224,Arun,"Local Authorities",LA,106071,4133,94,3101,1646,239,608,43621,4199,2497,6848,457,38628
322,E07000225,Chichester,"Local Authorities",LA,81037,5080,152,2454,1047,133,379,32170,2164,2248,7065,393,27752
323,E07000226,Crawley,"Local Authorities",LA,77348,1641,93,4440,6032,307,349,33325,2760,1406,4845,268,21882
324,E07000227,Horsham,"Local Authorities",LA,94318,5695,102,4719,1161,77,409,43221,2817,1121,6607,370,28019
325,E07000228,"Mid Sussex","Local Authorities",LA,100252,5471,114,9512,1100,268,469,42984,2884,996,8047,384,28023
326,E07000229,Worthing,"Local Authorities",LA,74338,2821,61,3262,1588,170,487,29459,2621,2611,7265,266,23727
327,E07000234,Bromsgrove,"Local Authorities",LA,67807,3011,40,1924,1089,117,241,33851,2072,482,3223,201,21556
328,E07000235,"Malvern Hills","Local Authorities",LA,53512,3759,37,713,483,59,269,23534,1585,612,3074,236,19151
329,E07000236,Redditch,"Local Authorities",LA,62523,1673,29,742,3064,208,230,29837,2862,671,3418,188,19601
330,E07000237,Worcester,"Local Authorities",LA,73382,2130,30,928,2274,189,398,30915,2898,2132,7937,270,23281
331,E07000238,Wychavon,"Local Authorities",LA,85481,4703,54,910,918,117,404,41371,3018,1092,5340,341,27213
332,E07000239,"Wyre Forest","Local Authorities",LA,72331,2623,31,1176,866,219,398,32636,2855,794,4499,242,25992
333,E08000001,Bolton,"Local Authorities",LA,200723,4678,279,4497,8337,1575,803,80858,8388,1287,12024,641,77356
334,E08000002,Bury,"Local Authorities",LA,134687,3845,4295,555,5769,718,467,58347,4932,1195,7490,423,46651
335,E08000003,Manchester,"Local Authorities",LA,382932,7288,2897,5938,47727,1914,855,96210,10056,8708,30714,1398,169227
336,E08000004,Oldham,"Local Authorities",LA,159765,3243,127,1153,10492,1018,501,60716,7261,1015,10147,627,63465
337,E08000005,Rochdale,"Local Authorities",LA,152742,3052,184,1853,8037,1538,475,58968,6563,923,8643,517,61989
338,E08000006,Salford,"Local Authorities",LA,173117,3818,2231,2026,12007,1207,620,60601,6725,2527,14515,627,66213
339,E08000007,Stockport,"Local Authorities",LA,205310,7234,228,6971,11125,457,773,89656,6005,2802,11179,700,68180
340,E08000008,Tameside,"Local Authorities",LA,161459,3402,177,3560,11344,580,687,64128,6062,1426,10027,499,59567
341,E08000009,Trafford,"Local Authorities",LA,162806,6120,5609,1638,7623,607,502,70661,5138,3484,8891,639,51894
342,E08000010,Wigan,"Local Authorities",LA,236495,4663,79,3361,8635,823,1155,104142,9971,2402,13973,704,86587
343,E08000011,Knowsley,"Local Authorities",LA,106155,1325,168,3500,6889,1268,278,36346,4763,969,5787,398,44464
344,E08000012,Liverpool,"Local Authorities",LA,356876,5258,1102,9962,38601,2777,794,95678,11805,4062,25208,1383,160246
345,E08000013,"St. Helens","Local Authorities",LA,129584,2259,35,2411,4940,653,506,54259,5465,1114,6571,367,51004
346,E08000014,Sefton,"Local Authorities",LA,198197,4931,520,9045,8522,1601,607,72898,7426,3237,12224,908,76278
347,E08000015,Wirral,"Local Authorities",LA,230851,5605,1374,8419,10107,986,1295,88088,8512,2306,11960,1277,90922
348,E08000016,Barnsley,"Local Authorities",LA,170405,3516,118,2094,6570,493,843,70743,7660,720,10349,473,66826
349,E08000017,Doncaster,"Local Authorities",LA,220877,4837,120,2916,10123,826,832,86549,10210,3301,13427,674,87062
350,E08000018,Rotherham,"Local Authorities",LA,187959,3767,454,1276,9901,653,685,79133,8303,1000,9238,461,73088
351,E08000019,Sheffield,"Local Authorities",LA,411004,9030,8263,4138,34657,1281,1372,135304,13767,4374,30710,1422,166686
352,E08000020,Gateshead,"Local Authorities",LA,148079,2868,4323,733,14106,498,371,52698,5954,1342,8425,559,56202
353,E08000021,"Newcastle upon Tyne","Local Authorities",LA,212864,3988,6414,1460,22137,1114,352,56851,6867,3308,15993,851,93529
354,E08000022,"North Tyneside","Local Authorities",LA,147889,3238,8650,1454,8714,801,479,55227,6085,2399,7974,1005,51863
355,E08000023,"South Tyneside","Local Authorities",LA,108981,1567,5747,1130,6288,334,344,36578,3863,1423,6070,1278,44359
356,E08000024,Sunderland,"Local Authorities",LA,205552,3071,2798,921,15374,795,526,73959,9557,1610,11899,1001,84041
357,E08000025,Birmingham,"Local Authorities",LA,760252,14402,1367,19750,73117,2976,1970,235505,22726,6629,42709,2540,336561
358,E08000026,Coventry,"Local Authorities",LA,231871,4397,137,2957,15215,820,860,81742,10983,3658,15930,861,94311
359,E08000027,Dudley,"Local Authorities",LA,226726,4931,197,4190,10343,444,1234,98853,8237,1748,11257,564,84728
360,E08000028,Sandwell,"Local Authorities",LA,219508,2846,1635,3672,18311,753,841,77240,9035,2030,11588,679,90878
361,E08000029,Solihull,"Local Authorities",LA,148360,5208,170,5287,7954,343,495,66062,4628,1361,5991,442,50419
362,E08000030,Walsall,"Local Authorities",LA,191974,3393,403,1577,11476,593,695,74374,7460,1778,10028,493,79704
363,E08000031,Wolverhampton,"Local Authorities",LA,179983,2843,1581,2914,11983,741,646,63466,6894,2215,10473,528,75699
364,E08000032,Bradford,"Local Authorities",LA,366217,9151,266,11190,20034,2628,1049,131112,15712,1715,24656,1424,147280
365,E08000033,Calderdale,"Local Authorities",LA,148766,4795,81,3242,8222,519,628,61160,6179,903,10444,472,52121
366,E08000034,Kirklees,"Local Authorities",LA,307194,8564,155,5421,15134,1727,1280,125678,12566,1829,19083,960,114797
367,E08000035,Leeds,"Local Authorities",LA,560849,14666,479,11751,50541,3174,1779,201221,21569,6352,42064,1629,205624
368,E08000036,Wakefield,"Local Authorities",LA,240997,4939,124,4047,10669,1398,988,100131,11651,1907,15324,650,89169
369,E09000002,"Barking and Dagenham","Local Authorities",LA,127568,1679,16488,9349,9504,381,636,28763,2143,1084,4756,434,52351
370,E09000003,Barnet,"Local Authorities",LA,258443,12601,44774,10065,20351,738,1849,62228,3593,2473,10647,1339,87785
371,E09000004,Bexley,"Local Authorities",LA,165914,3997,2830,27680,9762,940,1457,52068,3389,1295,6120,621,55755
372,E09000005,Brent,"Local Authorities",LA,233726,6062,42795,10492,26928,421,1574,40720,2915,3859,10704,991,86265
373,E09000006,Bromley,"Local Authorities",LA,222539,8800,5026,46672,11355,786,1681,60948,3378,2254,9574,894,71171
374,E09000007,Camden,"Local Authorities",LA,173833,8984,37305,7089,16076,770,1237,10904,793,7072,17641,1095,64867
375,E09000008,Croydon,"Local Authorities",LA,263048,7705,11367,42531,24916,611,1535,63568,4057,2172,13313,1212,90061
376,E09000009,Ealing,"Local Authorities",LA,252764,7548,45437,10117,23363,396,1714,54991,3228,4944,12005,1077,87944
377,E09000010,Enfield,"Local Authorities",LA,224024,5954,21369,16413,18367,739,974,58378,3510,1957,8982,979,86402
378,E09000011,Greenwich,"Local Authorities",LA,186722,4673,18076,27721,19052,554,1264,32664,2268,2738,7705,1106,68901
379,E09000012,Hackney,"Local Authorities",LA,187423,6485,23424,8667,31604,551,1305,13382,914,17312,14054,858,68867
380,E09000013,"Hammersmith and Fulham","Local Authorities",LA,145552,6098,38996,4466,13802,414,2173,12002,710,7420,12783,754,45934
381,E09000014,Haringey,"Local Authorities",LA,193062,6910,45384,9158,21738,290,1609,23023,1360,6142,7909,773,68766
382,E09000015,Harrow,"Local Authorities",LA,174751,6043,28870,7836,10274,398,607,48077,2814,901,7479,601,60851
383,E09000016,Havering,"Local Authorities",LA,171128,4038,10763,20347,8711,1216,1016,54368,3642,1020,7080,645,58282
384,E09000017,Hillingdon,"Local Authorities",LA,199926,5121,17458,5643,15731,469,1059,68925,4092,1936,9192,664,69636
385,E09000018,Hounslow,"Local Authorities",LA,190157,5497,19977,10536,21001,342,1441,50695,3071,4160,9524,788,63125
386,E09000019,Islington,"Local Authorities",LA,165149,5916,31987,6170,22214,845,1203,9839,714,10204,16952,721,58384
387,E09000020,"Kensington and Chelsea","Local Authorities",LA,126080,8809,29737,2615,10104,1665,1683,10395,823,3955,10390,1211,44693
388,E09000021,"Kingston upon Thames","Local Authorities",LA,119673,5156,2967,18777,8520,250,1174,31212,1778,3351,8298,474,37716
389,E09000022,Lambeth,"Local Authorities",LA,237730,7498,50781,23795,32773,410,2385,20520,1172,13455,12737,968,71236
390,E09000023,Lewisham,"Local Authorities",LA,206255,5820,20109,38402,23109,410,1424,29741,1795,5375,8936,936,70198
391,E09000024,Merton,"Local Authorities",LA,149598,5017,25383,19418,11232,280,1408,28780,1711,3524,7431,638,44776
392,E09000025,Newham,"Local Authorities",LA,228958,3186,52770,16507,17488,348,782,26963,2053,2239,9349,769,96504
393,E09000026,Redbridge,"Local Authorities",LA,199544,5284,36680,12305,9226,1074,762,46921,2906,1411,7334,789,74852
394,E09000027,"Richmond upon Thames","Local Authorities",LA,137779,8870,10605,21768,7531,237,1654,32271,1341,6062,8138,727,38575
395,E09000028,Southwark,"Local Authorities",LA,224551,6397,30015,19114,39293,665,1766,18266,1180,10898,18353,1441,77163
396,E09000029,Sutton,"Local Authorities",LA,138710,4309,5362,17850,9104,511,1431,45912,2823,2066,7753,537,41052
397,E09000030,"Tower Hamlets","Local Authorities",LA,196552,4447,47191,7557,14750,701,910,13517,1038,8112,21598,1052,75679
398,E09000031,"Waltham Forest","Local Authorities",LA,190978,4085,40146,12468,13452,739,1110,34428,2271,3430,8152,740,69957
399,E09000032,Wandsworth,"Local Authorities",LA,243533,9634,50357,35697,23608,495,3797,25713,1297,13267,13619,1098,64951
400,E41000052,"Cornwall,Isles of Scilly","Local Authorities",LA,390480,21362,220,2464,5961,743,2909,157998,12931,4159,34619,2472,144642
401,E41000324,"City of London,Westminster","Local Authorities",LA,181812,10056,37834,5495,16666,1668,1356,10644,880,5617,24104,1606,65886
402,S12000005,Clackmannanshire,"Local Authorities",LA,,,,,,,,,,,,,
403,S12000006,"Dumfries & Galloway","Local Authorities",LA,,,,,,,,,,,,,
404,S12000008,"East Ayrshire","Local Authorities",LA,,,,,,,,,,,,,
405,S12000010,"East Lothian","Local Authorities",LA,,,,,,,,,,,,,
406,S12000011,"East Renfrewshire","Local Authorities",LA,,,,,,,,,,,,,
407,S12000013,"Eilean Siar","Local Authorities",LA,,,,,,,,,,,,,
408,S12000014,Falkirk,"Local Authorities",LA,,,,,,,,,,,,,
409,S12000015,Fife,"Local Authorities",LA,,,,,,,,,,,,,
410,S12000017,Highland,"Local Authorities",LA,,,,,,,,,,,,,
411,S12000018,Inverclyde,"Local Authorities",LA,,,,,,,,,,,,,
412,S12000019,Midlothian,"Local Authorities",LA,,,,,,,,,,,,,
413,S12000020,Moray,"Local Authorities",LA,,,,,,,,,,,,,
414,S12000021,"North Ayrshire","Local Authorities",LA,,,,,,,,,,,,,
415,S12000023,"Orkney Islands","Local Authorities",LA,,,,,,,,,,,,,
416,S12000024,"Perth & Kinross","Local Authorities",LA,,,,,,,,,,,,,
417,S12000026,"Scottish Borders","Local Authorities",LA,,,,,,,,,,,,,
418,S12000027,"Shetland Islands","Local Authorities",LA,,,,,,,,,,,,,
419,S12000028,"South Ayrshire","Local Authorities",LA,,,,,,,,,,,,,
420,S12000029,"South Lanarkshire","Local Authorities",LA,,,,,,,,,,,,,
421,S12000030,Stirling,"Local Authorities",LA,,,,,,,,,,,,,
422,S12000033,"Aberdeen City","Local Authorities",LA,,,,,,,,,,,,,
423,S12000034,Aberdeenshire,"Local Authorities",LA,,,,,,,,,,,,,
424,S12000035,"Argyll & Bute","Local Authorities",LA,,,,,,,,,,,,,
425,S12000036,"Edinburgh, City of","Local Authorities",LA,,,,,,,,,,,,,
426,S12000038,Renfrewshire,"Local Authorities",LA,,,,,,,,,,,,,
427,S12000039,"West Dunbartonshire","Local Authorities",LA,,,,,,,,,,,,,
428,S12000040,"West Lothian","Local Authorities",LA,,,,,,,,,,,,,
429,S12000041,Angus,"Local Authorities",LA,,,,,,,,,,,,,
430,S12000042,"Dundee City","Local Authorities",LA,,,,,,,,,,,,,
431,S12000044,"North Lanarkshire","Local Authorities",LA,,,,,,,,,,,,,
432,S12000045,"East Dunbartonshire","Local Authorities",LA,,,,,,,,,,,,,
433,S12000046,"Glasgow City","Local Authorities",LA,,,,,,,,,,,,,
434,W06000001,"Isle of Anglesey","Local Authorities",LA,50818,2084,22,215,812,117,221,21424,1857,481,2903,295,20387
435,W06000002,Gwynedd,"Local Authorities",LA,88913,4538,36,381,2445,122,274,33978,3203,707,7854,423,34952
436,W06000003,Conwy,"Local Authorities",LA,81906,3631,40,576,2179,236,277,33566,2826,658,5677,427,31813
437,W06000004,Denbighshire,"Local Authorities",LA,67676,2614,28,445,1400,271,198,27576,2709,647,4984,284,26520
438,W06000005,Flintshire,"Local Authorities",LA,112325,3234,45,676,2951,343,533,53927,4941,1311,5676,412,38276
439,W06000006,Wrexham,"Local Authorities",LA,98691,2624,37,521,3416,449,403,44090,5278,832,5621,343,35077
440,W06000008,Ceredigion,"Local Authorities",LA,57405,4067,32,142,932,117,155,19498,1734,383,5125,261,24959
441,W06000009,Pembrokeshire,"Local Authorities",LA,88049,5260,43,232,1606,221,358,35649,3434,475,6427,512,33832
442,W06000010,Carmarthenshire,"Local Authorities",LA,132930,6556,60,813,1690,232,436,56639,5413,629,7671,541,52250
443,W06000011,Swansea,"Local Authorities",LA,176971,3853,105,926,5885,706,618,70007,7736,1512,10753,692,74178
444,W06000012,"Neath Port Talbot","Local Authorities",LA,102986,1722,38,990,1986,297,463,42851,4614,766,4924,329,44006
445,W06000013,Bridgend,"Local Authorities",LA,102805,2024,49,1522,1745,383,320,44318,4557,516,5492,333,41546
446,W06000014,"The Vale of Glamorgan","Local Authorities",LA,91816,3118,86,3525,1715,267,333,40019,3274,1029,5203,409,32838
447,W06000015,Cardiff,"Local Authorities",LA,260268,5993,202,5344,16203,740,675,90723,8202,5912,24657,963,100654
448,W06000016,"Rhondda Cynon Taf","Local Authorities",LA,172047,2770,61,4188,4000,288,448,70033,8151,449,8483,456,72720
449,W06000018,Caerphilly,"Local Authorities",LA,130950,2269,42,3007,3024,341,416,55481,6130,480,5932,366,53462
450,W06000019,"Blaenau Gwent","Local Authorities",LA,51809,561,16,225,870,175,151,20403,2846,134,2774,136,23518
451,W06000020,Torfaen,"Local Authorities",LA,66107,1129,32,484,1916,323,310,29203,3125,330,3247,162,25846
452,W06000021,Monmouthshire,"Local Authorities",LA,66107,3818,63,908,586,100,353,29474,2271,505,4457,282,23290
453,W06000022,Newport,"Local Authorities",LA,105141,2300,58,1349,5094,437,442,42694,4716,937,6017,364,40733
454,W06000023,Powys,"Local Authorities",LA,96069,8341,56,400,692,125,233,40584,3038,886,8744,554,32416
455,W06000024,"Merthyr Tydfil","Local Authorities",LA,43377,634,24,472,1756,233,77,16508,2672,80,2514,129,18278
